{
  "_format": "hh-sol-cache-2",
  "files": {
    "/home/user/Desktop/Mobiloitte/idoand-pool-smart-contract-21093903-cpp/hardhat-project/contracts/Greeter.sol": {
      "lastModificationDate": 1631964278303,
      "contentHash": "6bae0f4a9b67cd09dfa6b66e208b0473",
      "sourceName": "contracts/Greeter.sol",
      "solcConfig": {
        "version": "0.6.12",
        "settings": {
          "optimizer": {
            "enabled": true,
            "runs": 200
          },
          "outputSelection": {
            "*": {
              "*": [
                "abi",
                "evm.bytecode",
                "evm.deployedBytecode",
                "evm.methodIdentifiers"
              ],
              "": [
                "ast"
              ]
            }
          }
        }
      },
      "imports": [
        "hardhat/console.sol"
      ],
      "versionPragmas": [
        "0.6.12"
      ],
      "artifacts": [
        "Greeter"
      ]
    },
    "/home/user/Desktop/Mobiloitte/idoand-pool-smart-contract-21093903-cpp/hardhat-project/node_modules/hardhat/console.sol": {
      "lastModificationDate": 1632138489540,
      "contentHash": "cc4777addd464ea56fa35b1c45df0591",
      "sourceName": "hardhat/console.sol",
      "solcConfig": {
        "version": "0.6.12",
        "settings": {
          "optimizer": {
            "enabled": true,
            "runs": 200
          },
          "outputSelection": {
            "*": {
              "*": [
                "abi",
                "evm.bytecode",
                "evm.deployedBytecode",
                "evm.methodIdentifiers"
              ],
              "": [
                "ast"
              ]
            }
          }
        }
      },
      "imports": [],
      "versionPragmas": [
        ">=0.4.22 <0.9.0"
      ],
      "artifacts": [
        "console"
      ]
    },
    "/home/user/Desktop/Mobiloitte/idoand-pool-smart-contract-21093903-cpp/hardhat-project/contracts/mocks/Token.sol": {
      "lastModificationDate": 1631964278303,
      "contentHash": "584f11950ba67d6bf990fc5f0eafc07f",
      "sourceName": "contracts/mocks/Token.sol",
      "solcConfig": {
        "version": "0.6.12",
        "settings": {
          "optimizer": {
            "enabled": true,
            "runs": 200
          },
          "outputSelection": {
            "*": {
              "*": [
                "abi",
                "evm.bytecode",
                "evm.deployedBytecode",
                "evm.methodIdentifiers"
              ],
              "": [
                "ast"
              ]
            }
          }
        }
      },
      "imports": [
        "@openzeppelin/contracts/token/ERC20/ERC20.sol",
        "@openzeppelin/contracts/token/ERC20/ERC20Burnable.sol",
        "@openzeppelin/contracts/access/Ownable.sol"
      ],
      "versionPragmas": [
        "^0.6.12"
      ],
      "artifacts": [
        "Token"
      ]
    },
    "/home/user/Desktop/Mobiloitte/idoand-pool-smart-contract-21093903-cpp/hardhat-project/node_modules/@openzeppelin/contracts/token/ERC20/ERC20.sol": {
      "lastModificationDate": 1632138497128,
      "contentHash": "a062737e4ef2d68dc8aa9f89d20b2d3c",
      "sourceName": "@openzeppelin/contracts/token/ERC20/ERC20.sol",
      "solcConfig": {
        "version": "0.6.12",
        "settings": {
          "optimizer": {
            "enabled": true,
            "runs": 200
          },
          "outputSelection": {
            "*": {
              "*": [
                "abi",
                "evm.bytecode",
                "evm.deployedBytecode",
                "evm.methodIdentifiers"
              ],
              "": [
                "ast"
              ]
            }
          }
        }
      },
      "imports": [
        "../../GSN/Context.sol",
        "./IERC20.sol",
        "../../math/SafeMath.sol",
        "../../utils/Address.sol"
      ],
      "versionPragmas": [
        "^0.6.0"
      ],
      "artifacts": [
        "ERC20"
      ]
    },
    "/home/user/Desktop/Mobiloitte/idoand-pool-smart-contract-21093903-cpp/hardhat-project/node_modules/@openzeppelin/contracts/token/ERC20/ERC20Burnable.sol": {
      "lastModificationDate": 1632138497140,
      "contentHash": "e7d9974ca7596843e7515c1b27a2d0a8",
      "sourceName": "@openzeppelin/contracts/token/ERC20/ERC20Burnable.sol",
      "solcConfig": {
        "version": "0.6.12",
        "settings": {
          "optimizer": {
            "enabled": true,
            "runs": 200
          },
          "outputSelection": {
            "*": {
              "*": [
                "abi",
                "evm.bytecode",
                "evm.deployedBytecode",
                "evm.methodIdentifiers"
              ],
              "": [
                "ast"
              ]
            }
          }
        }
      },
      "imports": [
        "../../GSN/Context.sol",
        "./ERC20.sol"
      ],
      "versionPragmas": [
        "^0.6.0"
      ],
      "artifacts": [
        "ERC20Burnable"
      ]
    },
    "/home/user/Desktop/Mobiloitte/idoand-pool-smart-contract-21093903-cpp/hardhat-project/node_modules/@openzeppelin/contracts/access/Ownable.sol": {
      "lastModificationDate": 1632138498080,
      "contentHash": "140e80ebd07ed05e7fe907c531e6746f",
      "sourceName": "@openzeppelin/contracts/access/Ownable.sol",
      "solcConfig": {
        "version": "0.6.12",
        "settings": {
          "optimizer": {
            "enabled": true,
            "runs": 200
          },
          "outputSelection": {
            "*": {
              "*": [
                "abi",
                "evm.bytecode",
                "evm.deployedBytecode",
                "evm.methodIdentifiers"
              ],
              "": [
                "ast"
              ]
            }
          }
        }
      },
      "imports": [
        "../GSN/Context.sol"
      ],
      "versionPragmas": [
        "^0.6.0"
      ],
      "artifacts": [
        "Ownable"
      ]
    },
    "/home/user/Desktop/Mobiloitte/idoand-pool-smart-contract-21093903-cpp/hardhat-project/node_modules/@openzeppelin/contracts/GSN/Context.sol": {
      "lastModificationDate": 1632138496788,
      "contentHash": "1a67c45cd4eae478a34663bd07513feb",
      "sourceName": "@openzeppelin/contracts/GSN/Context.sol",
      "solcConfig": {
        "version": "0.6.12",
        "settings": {
          "optimizer": {
            "enabled": true,
            "runs": 200
          },
          "outputSelection": {
            "*": {
              "*": [
                "abi",
                "evm.bytecode",
                "evm.deployedBytecode",
                "evm.methodIdentifiers"
              ],
              "": [
                "ast"
              ]
            }
          }
        }
      },
      "imports": [],
      "versionPragmas": [
        "^0.6.0"
      ],
      "artifacts": [
        "Context"
      ]
    },
    "/home/user/Desktop/Mobiloitte/idoand-pool-smart-contract-21093903-cpp/hardhat-project/node_modules/@openzeppelin/contracts/token/ERC20/IERC20.sol": {
      "lastModificationDate": 1632138497876,
      "contentHash": "95e76adf687e1a31a4b8ece4e9bb757a",
      "sourceName": "@openzeppelin/contracts/token/ERC20/IERC20.sol",
      "solcConfig": {
        "version": "0.6.12",
        "settings": {
          "optimizer": {
            "enabled": true,
            "runs": 200
          },
          "outputSelection": {
            "*": {
              "*": [
                "abi",
                "evm.bytecode",
                "evm.deployedBytecode",
                "evm.methodIdentifiers"
              ],
              "": [
                "ast"
              ]
            }
          }
        }
      },
      "imports": [],
      "versionPragmas": [
        "^0.6.0"
      ],
      "artifacts": [
        "IERC20"
      ]
    },
    "/home/user/Desktop/Mobiloitte/idoand-pool-smart-contract-21093903-cpp/hardhat-project/node_modules/@openzeppelin/contracts/math/SafeMath.sol": {
      "lastModificationDate": 1632138498176,
      "contentHash": "8d3e8360f480055853ded99acb0dea51",
      "sourceName": "@openzeppelin/contracts/math/SafeMath.sol",
      "solcConfig": {
        "version": "0.6.12",
        "settings": {
          "optimizer": {
            "enabled": true,
            "runs": 200
          },
          "outputSelection": {
            "*": {
              "*": [
                "abi",
                "evm.bytecode",
                "evm.deployedBytecode",
                "evm.methodIdentifiers"
              ],
              "": [
                "ast"
              ]
            }
          }
        }
      },
      "imports": [],
      "versionPragmas": [
        "^0.6.0"
      ],
      "artifacts": [
        "SafeMath"
      ]
    },
    "/home/user/Desktop/Mobiloitte/idoand-pool-smart-contract-21093903-cpp/hardhat-project/node_modules/@openzeppelin/contracts/utils/Address.sol": {
      "lastModificationDate": 1632138496760,
      "contentHash": "be385e2a26b8849de0e8194c295437b7",
      "sourceName": "@openzeppelin/contracts/utils/Address.sol",
      "solcConfig": {
        "version": "0.6.12",
        "settings": {
          "optimizer": {
            "enabled": true,
            "runs": 200
          },
          "outputSelection": {
            "*": {
              "*": [
                "abi",
                "evm.bytecode",
                "evm.deployedBytecode",
                "evm.methodIdentifiers"
              ],
              "": [
                "ast"
              ]
            }
          }
        }
      },
      "imports": [],
      "versionPragmas": [
        "^0.6.2"
      ],
      "artifacts": [
        "Address"
      ]
    },
    "/home/user/Desktop/Mobiloitte/idoand-pool-smart-contract-21093903-cpp/hardhat-project/contracts/Pools.sol": {
      "lastModificationDate": 1632399609806,
      "contentHash": "c8dc4548176aff219d453fb32f18e83a",
      "sourceName": "contracts/Pools.sol",
      "solcConfig": {
        "version": "0.6.12",
        "settings": {
          "optimizer": {
            "enabled": true,
            "runs": 200
          },
          "outputSelection": {
            "*": {
              "*": [
                "abi",
                "evm.bytecode",
                "evm.deployedBytecode",
                "evm.methodIdentifiers"
              ],
              "": [
                "ast"
              ]
            }
          }
        }
      },
      "imports": [
        "@openzeppelin/contracts/access/Ownable.sol",
        "@openzeppelin/contracts/math/SafeMath.sol",
        "@openzeppelin/contracts/token/ERC20/IERC20.sol"
      ],
      "versionPragmas": [
        "^0.6.12"
      ],
      "artifacts": [
        "Pools"
      ]
    }
  }
}
